epoch,time,train/box_loss,train/cls_loss,train/dfl_loss,metrics/precision(B),metrics/recall(B),metrics/mAP50(B),metrics/mAP50-95(B),val/box_loss,val/cls_loss,val/dfl_loss,lr/pg0,lr/pg1,lr/pg2
1,14.8175,2.06499,4.29189,1.73175,0.00103,0.02542,0.00079,0.00026,2.79633,inf,3.04212,0.0865,0.0015,0.0015
2,25.5774,1.91909,2.25714,1.67668,0,0,0,0,nan,nan,nan,0.0720877,0.00308772,0.00308772
3,40.7997,1.82364,1.87944,1.62234,0,0,0,0,nan,nan,nan,0.0576628,0.00466278,0.00466278
4,55.9818,1.81237,1.78694,1.62855,0,0,0,0,nan,nan,nan,0.0432252,0.00622516,0.00622516
5,71.6087,1.72849,1.6729,1.58288,0.00456,0.04082,0.00767,0.00211,nan,nan,nan,0.0287749,0.00777486,0.00777486
6,83.3658,1.70705,1.64739,1.55447,0.21748,0.45519,0.24562,0.10315,2.59856,23.6032,2.96019,0.0143119,0.0093119,0.0093119
7,95.2868,1.69765,1.5447,1.57048,0.27248,0.49609,0.28407,0.13912,2.17507,12.5693,2.82586,0.0097624,0.0097624,0.0097624
8,107.149,1.64396,1.43884,1.51304,0.53979,0.26948,0.34788,0.17475,2.1377,8.21796,2.34063,0.0097228,0.0097228,0.0097228
9,120.771,1.60212,1.4449,1.48063,0.47422,0.53483,0.49804,0.25549,2.01123,13.0654,2.20471,0.0096832,0.0096832,0.0096832
10,133.427,1.51068,1.3581,1.44261,0.50276,0.47147,0.46019,0.25088,1.77163,3.16886,1.87113,0.0096436,0.0096436,0.0096436
11,144.951,1.51735,1.32157,1.41974,0.69832,0.49762,0.60891,0.31336,1.79281,2.51514,1.87197,0.009604,0.009604,0.009604
12,156.364,1.48341,1.2745,1.41537,0.61101,0.50141,0.61115,0.33884,1.64163,2.40093,1.70265,0.0095644,0.0095644,0.0095644
13,167.779,1.43445,1.25585,1.39761,0.59475,0.57915,0.60121,0.35198,1.53172,2.02565,1.59832,0.0095248,0.0095248,0.0095248
14,178.996,1.43225,1.22776,1.41115,0.71873,0.5922,0.7043,0.43843,1.40543,1.76681,1.53283,0.0094852,0.0094852,0.0094852
15,189.99,1.41062,1.20235,1.39142,0.72044,0.69793,0.7248,0.42074,1.44157,1.32426,1.45702,0.0094456,0.0094456,0.0094456
16,200.727,1.38617,1.17873,1.36805,0.76837,0.65757,0.76053,0.47467,1.35708,1.24299,1.45841,0.009406,0.009406,0.009406
17,211.587,1.37771,1.14046,1.35934,0.66797,0.74667,0.74224,0.47491,1.31713,1.34486,1.39918,0.0093664,0.0093664,0.0093664
18,222.586,1.34049,1.10502,1.34247,0.75365,0.70846,0.76738,0.47353,1.39654,1.27421,1.4564,0.0093268,0.0093268,0.0093268
19,233.219,1.3443,1.08896,1.32942,0.78536,0.76706,0.80201,0.49905,1.3552,1.10304,1.39611,0.0092872,0.0092872,0.0092872
20,243.833,1.35156,1.09326,1.3564,0.75362,0.74046,0.75431,0.48167,1.32505,1.16478,1.38552,0.0092476,0.0092476,0.0092476
21,254.224,1.34711,1.0849,1.34616,0.81426,0.74997,0.81001,0.51311,1.30765,0.99702,1.37973,0.009208,0.009208,0.009208
22,264.622,1.32435,1.06569,1.32232,0.78073,0.70058,0.74727,0.48379,1.29516,1.1401,1.40299,0.0091684,0.0091684,0.0091684
23,275.059,1.29502,1.04682,1.33189,0.81787,0.72497,0.81265,0.53751,1.23022,1.05084,1.3213,0.0091288,0.0091288,0.0091288
24,284.552,1.25859,1.0384,1.30357,0.88061,0.67529,0.81339,0.51236,1.31373,1.00989,1.3561,0.0090892,0.0090892,0.0090892
25,292.921,1.27569,1.02846,1.29297,0.8531,0.72041,0.821,0.54732,1.25498,1.01614,1.35065,0.0090496,0.0090496,0.0090496
26,301.197,1.24304,0.97566,1.26634,0.89879,0.70504,0.81483,0.54208,1.27193,0.97044,1.32407,0.00901,0.00901,0.00901
27,309.94,1.21639,0.98299,1.2781,0.79561,0.78413,0.79566,0.53741,1.2838,0.99554,1.32175,0.0089704,0.0089704,0.0089704
28,318.656,1.22641,0.97267,1.26758,0.86287,0.67068,0.7944,0.53191,1.33512,1.07352,1.39627,0.0089308,0.0089308,0.0089308
29,327.243,1.22801,0.96972,1.25835,0.7654,0.74744,0.81301,0.54626,1.24112,1.00585,1.34118,0.0088912,0.0088912,0.0088912
30,335.775,1.21803,0.9562,1.25987,0.87989,0.72393,0.83053,0.56701,1.20439,0.97637,1.33557,0.0088516,0.0088516,0.0088516
31,344.466,1.17563,0.90156,1.23403,0.82727,0.82644,0.84392,0.58411,1.18213,0.87412,1.28654,0.008812,0.008812,0.008812
32,353.361,1.19095,0.91775,1.23051,0.82479,0.73875,0.80039,0.54422,1.20109,1.02565,1.28455,0.0087724,0.0087724,0.0087724
33,363.118,1.18261,0.93053,1.24736,0.74607,0.80772,0.8292,0.54869,1.20377,1.29309,1.30606,0.0087328,0.0087328,0.0087328
34,372.099,1.19574,0.94331,1.26011,0.90119,0.77932,0.84733,0.57008,1.24786,0.93168,1.33768,0.0086932,0.0086932,0.0086932
35,380.964,1.16945,0.93614,1.2546,0.8215,0.7599,0.82208,0.55228,1.20666,0.89821,1.27949,0.0086536,0.0086536,0.0086536
36,390.691,1.18527,0.93769,1.248,0.83958,0.76978,0.83928,0.5634,1.20317,0.91807,1.26947,0.008614,0.008614,0.008614
37,399.491,1.1948,0.92991,1.25494,0.92758,0.72552,0.86159,0.56761,1.15054,0.84598,1.26292,0.0085744,0.0085744,0.0085744
38,407.939,1.14857,0.89786,1.22188,0.91353,0.7941,0.88088,0.58228,1.19951,0.82431,1.28736,0.0085348,0.0085348,0.0085348
39,416.401,1.12092,0.8554,1.19993,0.87234,0.81825,0.87936,0.58099,1.20491,0.83931,1.28099,0.0084952,0.0084952,0.0084952
40,424.805,1.12684,0.87173,1.20702,0.87011,0.78385,0.87149,0.57706,1.16098,0.89399,1.28446,0.0084556,0.0084556,0.0084556
41,433.28,1.11659,0.86663,1.19909,0.87784,0.80558,0.87432,0.60867,1.1346,0.82106,1.26206,0.008416,0.008416,0.008416
42,441.865,1.1375,0.86769,1.20735,0.90622,0.75019,0.86165,0.5822,1.20769,0.8923,1.26763,0.0083764,0.0083764,0.0083764
43,450.303,1.11696,0.86177,1.20711,0.86235,0.77167,0.86254,0.58133,1.15231,0.82802,1.23085,0.0083368,0.0083368,0.0083368
44,458.565,1.09434,0.8446,1.18948,0.88551,0.7741,0.86913,0.58298,1.19629,0.81071,1.30865,0.0082972,0.0082972,0.0082972
45,466.69,1.12501,0.84773,1.21328,0.8817,0.76243,0.85989,0.58009,1.19255,0.88336,1.27384,0.0082576,0.0082576,0.0082576
46,474.898,1.11921,0.85507,1.18746,0.78591,0.81233,0.85506,0.58902,1.2076,0.84976,1.27342,0.008218,0.008218,0.008218
47,483.402,1.11956,0.85156,1.1847,0.92362,0.73877,0.85931,0.59365,1.17425,0.80428,1.24855,0.0081784,0.0081784,0.0081784
48,491.911,1.13459,0.85888,1.21788,0.82084,0.81309,0.868,0.59893,1.17283,0.80023,1.25412,0.0081388,0.0081388,0.0081388
49,500.474,1.10696,0.86918,1.21333,0.85765,0.81292,0.86848,0.60282,1.15792,0.80563,1.26502,0.0080992,0.0080992,0.0080992
50,509.756,1.09265,0.81942,1.18331,0.85998,0.80786,0.86069,0.60907,1.10487,0.8057,1.20086,0.0080596,0.0080596,0.0080596
51,518.327,1.06081,0.80206,1.16215,0.91004,0.81118,0.89079,0.61547,1.16884,0.76374,1.23104,0.00802,0.00802,0.00802
52,527.601,1.08275,0.80589,1.16819,0.86197,0.78686,0.85879,0.58734,1.2013,0.81746,1.26586,0.0079804,0.0079804,0.0079804
53,536.222,1.06866,0.78055,1.16559,0.88462,0.80189,0.8834,0.60167,1.17648,0.80109,1.25261,0.0079408,0.0079408,0.0079408
54,544.339,1.08578,0.79373,1.18151,0.89299,0.77902,0.86448,0.5901,1.18758,0.8784,1.2663,0.0079012,0.0079012,0.0079012
55,552.728,1.04998,0.77753,1.16347,0.92361,0.8329,0.89133,0.61521,1.16973,0.76592,1.24272,0.0078616,0.0078616,0.0078616
56,561.119,1.04764,0.7836,1.1614,0.86836,0.81554,0.88003,0.60057,1.1091,0.75925,1.20089,0.007822,0.007822,0.007822
57,570.404,1.03603,0.77243,1.14791,0.82194,0.8413,0.88168,0.60598,1.12811,0.73693,1.20268,0.0077824,0.0077824,0.0077824
58,578.902,1.05589,0.76042,1.14945,0.84233,0.81285,0.87364,0.61004,1.12267,0.76426,1.2339,0.0077428,0.0077428,0.0077428
59,587.706,1.05936,0.78336,1.16154,0.88776,0.79921,0.87339,0.60565,1.13914,0.76558,1.24882,0.0077032,0.0077032,0.0077032
60,596.55,1.04141,0.76456,1.14946,0.90108,0.79778,0.8812,0.61184,1.14525,0.73334,1.24755,0.0076636,0.0076636,0.0076636
61,604.8,1.02677,0.74294,1.13846,0.85163,0.83091,0.89258,0.6113,1.18591,0.78936,1.27965,0.007624,0.007624,0.007624
62,613.242,1.04841,0.7635,1.15632,0.93323,0.81095,0.907,0.6307,1.11315,0.73471,1.23613,0.0075844,0.0075844,0.0075844
63,621.69,1.08123,0.79458,1.18508,0.90359,0.80655,0.88378,0.59741,1.13743,0.73269,1.2368,0.0075448,0.0075448,0.0075448
64,630.638,1.07248,0.80023,1.17626,0.86898,0.82952,0.88191,0.59177,1.14295,0.82042,1.24377,0.0075052,0.0075052,0.0075052
65,639.502,1.04749,0.77063,1.14686,0.85776,0.84821,0.89674,0.59868,1.14511,0.75421,1.24222,0.0074656,0.0074656,0.0074656
66,648.175,1.02833,0.75291,1.14055,0.87374,0.84044,0.88868,0.61174,1.13707,0.82834,1.26336,0.007426,0.007426,0.007426
67,656.786,1.00724,0.75726,1.13655,0.90363,0.79865,0.88337,0.62989,1.05721,0.71667,1.19887,0.0073864,0.0073864,0.0073864
68,665.217,0.99357,0.74041,1.12416,0.88045,0.86304,0.90013,0.62937,1.0683,0.70217,1.18883,0.0073468,0.0073468,0.0073468
69,674.213,0.98433,0.72752,1.12079,0.90734,0.82388,0.89622,0.62459,1.12412,0.72786,1.20014,0.0073072,0.0073072,0.0073072
70,683.111,1.02717,0.73706,1.12936,0.88067,0.84198,0.90009,0.63372,1.09694,0.73596,1.20401,0.0072676,0.0072676,0.0072676
71,691.622,0.9993,0.71755,1.11399,0.90239,0.81241,0.88931,0.63092,1.06659,0.69908,1.17336,0.007228,0.007228,0.007228
72,699.699,0.99208,0.73078,1.12424,0.85228,0.83051,0.87389,0.60274,1.09835,0.71055,1.19207,0.0071884,0.0071884,0.0071884
73,708.338,0.99194,0.70888,1.11958,0.90868,0.76876,0.85447,0.61234,1.09291,0.74425,1.20508,0.0071488,0.0071488,0.0071488
74,716.976,0.99496,0.70992,1.11977,0.86681,0.81653,0.8585,0.61554,1.11964,0.69679,1.22684,0.0071092,0.0071092,0.0071092
75,725.364,1.01536,0.7401,1.13779,0.91164,0.82541,0.90278,0.63772,1.07791,0.70246,1.17469,0.0070696,0.0070696,0.0070696
76,733.84,0.99535,0.73483,1.1285,0.93038,0.81485,0.89266,0.63558,1.05941,0.69418,1.17061,0.00703,0.00703,0.00703
77,742.67,0.95785,0.68236,1.09898,0.91105,0.82304,0.89362,0.64219,1.0609,0.70575,1.17224,0.0069904,0.0069904,0.0069904
78,751.068,0.99406,0.71472,1.11735,0.90737,0.82891,0.89322,0.6426,1.07094,0.69442,1.16842,0.0069508,0.0069508,0.0069508
79,759.621,0.9653,0.69116,1.09104,0.91327,0.82702,0.90555,0.63225,1.08645,0.71729,1.18532,0.0069112,0.0069112,0.0069112
80,767.718,0.9675,0.6889,1.10278,0.8723,0.84519,0.88492,0.6438,1.02963,0.70253,1.16158,0.0068716,0.0068716,0.0068716
81,775.793,0.96533,0.70639,1.11598,0.88738,0.83865,0.8966,0.61775,1.08381,0.70567,1.20968,0.006832,0.006832,0.006832
82,783.964,0.97299,0.69125,1.11687,0.85905,0.8663,0.8983,0.62923,1.10142,0.71536,1.21944,0.0067924,0.0067924,0.0067924
83,791.894,0.95751,0.69215,1.11244,0.88895,0.82902,0.89016,0.63822,1.03951,0.66908,1.16446,0.0067528,0.0067528,0.0067528
84,800.011,0.96583,0.69365,1.10517,0.86936,0.84122,0.89471,0.62622,1.04739,0.70138,1.18931,0.0067132,0.0067132,0.0067132
85,808.165,0.96888,0.70702,1.12238,0.90817,0.79112,0.87448,0.64064,1.05524,0.7195,1.20313,0.0066736,0.0066736,0.0066736
86,816.553,0.96294,0.7111,1.11448,0.82162,0.83458,0.87889,0.63424,1.08063,0.7196,1.21409,0.006634,0.006634,0.006634
87,824.872,0.9336,0.67178,1.08773,0.9205,0.81509,0.89995,0.65092,1.06582,0.672,1.18758,0.0065944,0.0065944,0.0065944
88,833.134,0.93824,0.6804,1.09087,0.89592,0.81529,0.88962,0.64208,1.04494,0.69314,1.17804,0.0065548,0.0065548,0.0065548
89,841.475,0.92718,0.67347,1.0936,0.86403,0.85105,0.90955,0.64856,1.03772,0.68405,1.16797,0.0065152,0.0065152,0.0065152
90,849.924,0.94363,0.69062,1.11581,0.94427,0.77093,0.89762,0.65595,0.99909,0.66426,1.1366,0.0064756,0.0064756,0.0064756
91,858.589,0.91543,0.67654,1.09134,0.87115,0.86221,0.90019,0.65359,1.02141,0.64092,1.15446,0.006436,0.006436,0.006436
92,866.993,0.93193,0.67069,1.08651,0.90457,0.79698,0.89626,0.64218,1.02201,0.64383,1.15765,0.0063964,0.0063964,0.0063964
93,876.869,0.94043,0.66054,1.09067,0.84798,0.84369,0.8853,0.63797,1.04207,0.66878,1.17727,0.0063568,0.0063568,0.0063568
94,885.47,0.93583,0.67382,1.09179,0.87458,0.85383,0.90163,0.64195,1.08465,0.66539,1.205,0.0063172,0.0063172,0.0063172
95,893.883,0.92039,0.65764,1.07672,0.9289,0.81128,0.90381,0.64334,1.01957,0.63611,1.15192,0.0062776,0.0062776,0.0062776
96,902.5,0.90601,0.64501,1.07512,0.92942,0.82309,0.89702,0.64803,1.04681,0.68394,1.1597,0.006238,0.006238,0.006238
97,911.13,0.91723,0.64564,1.07421,0.89198,0.82121,0.88771,0.65119,1.05746,0.67468,1.18078,0.0061984,0.0061984,0.0061984
98,919.77,0.93455,0.66655,1.10075,0.90013,0.82359,0.89388,0.63819,1.06987,0.69919,1.22245,0.0061588,0.0061588,0.0061588
99,928.204,0.95423,0.68227,1.09947,0.82125,0.86363,0.89571,0.6593,1.04882,0.69537,1.16657,0.0061192,0.0061192,0.0061192
100,936.729,0.92468,0.65213,1.08313,0.85009,0.85709,0.89465,0.63701,1.05681,0.70179,1.19351,0.0060796,0.0060796,0.0060796
101,945.161,0.93223,0.64717,1.0808,0.91009,0.81605,0.90459,0.65019,1.03446,0.66635,1.18525,0.00604,0.00604,0.00604
102,953.596,0.91322,0.63783,1.07482,0.91205,0.83839,0.90372,0.65927,1.01022,0.6559,1.13841,0.0060004,0.0060004,0.0060004
103,961.932,0.90081,0.6447,1.071,0.89486,0.84588,0.91377,0.65616,1.02033,0.64949,1.13993,0.0059608,0.0059608,0.0059608
104,970.212,0.89392,0.63897,1.07464,0.82139,0.88228,0.90451,0.66945,1.00836,0.64412,1.14879,0.0059212,0.0059212,0.0059212
105,978.59,0.91026,0.64613,1.0726,0.89686,0.84154,0.91781,0.64844,1.0187,0.64701,1.14807,0.0058816,0.0058816,0.0058816
106,986.946,0.87446,0.62504,1.07058,0.84151,0.84121,0.899,0.66639,1.0011,0.6575,1.15136,0.005842,0.005842,0.005842
107,994.844,0.8713,0.61519,1.05381,0.86973,0.84542,0.90137,0.66008,1.00976,0.66171,1.16825,0.0058024,0.0058024,0.0058024
108,1002.82,0.87172,0.62844,1.06789,0.87897,0.87862,0.91204,0.66337,1.0011,0.62161,1.15067,0.0057628,0.0057628,0.0057628
109,1011.05,0.89885,0.63466,1.07296,0.88731,0.87691,0.91311,0.65492,1.02805,0.62411,1.16694,0.0057232,0.0057232,0.0057232
110,1019.96,0.90076,0.63677,1.07279,0.92819,0.86036,0.91177,0.66254,1.01863,0.63542,1.18174,0.0056836,0.0056836,0.0056836
111,1028.57,0.86846,0.61376,1.05909,0.92938,0.84887,0.90492,0.65457,1.00211,0.66685,1.18058,0.005644,0.005644,0.005644
112,1037.13,0.86232,0.60719,1.05545,0.9115,0.85971,0.90703,0.66304,0.99464,0.63894,1.17247,0.0056044,0.0056044,0.0056044
113,1045.45,0.87411,0.61434,1.0528,0.8687,0.85549,0.9003,0.65866,0.98779,0.6353,1.16181,0.0055648,0.0055648,0.0055648
114,1053.85,0.86695,0.61265,1.05853,0.85383,0.86505,0.89581,0.65513,0.99389,0.62133,1.14532,0.0055252,0.0055252,0.0055252
115,1062.33,0.86241,0.59233,1.04512,0.85969,0.86076,0.91227,0.67138,0.98445,0.61967,1.14616,0.0054856,0.0054856,0.0054856
116,1070.83,0.8716,0.60423,1.04968,0.91877,0.84666,0.90901,0.67025,0.99928,0.61314,1.15024,0.005446,0.005446,0.005446
117,1079.22,0.88222,0.60628,1.06028,0.92685,0.84629,0.90394,0.65925,0.99488,0.62183,1.15046,0.0054064,0.0054064,0.0054064
118,1087.78,0.86012,0.5996,1.03596,0.91132,0.84082,0.90762,0.66713,0.97816,0.59993,1.13922,0.0053668,0.0053668,0.0053668
119,1096.42,0.85908,0.60361,1.04226,0.87707,0.87315,0.89753,0.6619,0.98534,0.61062,1.14191,0.0053272,0.0053272,0.0053272
120,1104.87,0.83928,0.58839,1.03028,0.89143,0.84725,0.89027,0.65575,0.99099,0.61815,1.14881,0.0052876,0.0052876,0.0052876
121,1113.23,0.88639,0.62882,1.07512,0.87792,0.85425,0.90235,0.66496,1.00024,0.61806,1.14306,0.005248,0.005248,0.005248
122,1121.83,0.85486,0.59647,1.0466,0.90793,0.8242,0.89518,0.66504,0.9873,0.62205,1.13297,0.0052084,0.0052084,0.0052084
123,1130.23,0.86127,0.59938,1.05142,0.90467,0.86897,0.91508,0.66395,0.97197,0.60589,1.12862,0.0051688,0.0051688,0.0051688
124,1140.4,0.84811,0.59415,1.03895,0.8883,0.87648,0.91509,0.67145,0.97877,0.60475,1.13941,0.0051292,0.0051292,0.0051292
125,1149.08,0.85681,0.58814,1.04392,0.89884,0.8571,0.90512,0.66145,1.03471,0.63227,1.1702,0.0050896,0.0050896,0.0050896
126,1157.57,0.86341,0.58248,1.03827,0.8792,0.83946,0.89976,0.66475,1.02361,0.61858,1.18031,0.00505,0.00505,0.00505
127,1165.99,0.8535,0.59375,1.04579,0.8594,0.87084,0.90684,0.67261,1.00416,0.59665,1.14706,0.0050104,0.0050104,0.0050104
128,1174.46,0.82544,0.56824,1.02935,0.86694,0.89032,0.92002,0.683,0.96227,0.5646,1.12397,0.0049708,0.0049708,0.0049708
129,1183.12,0.84273,0.58137,1.03695,0.89836,0.87568,0.92767,0.69866,0.97506,0.57841,1.13817,0.0049312,0.0049312,0.0049312
130,1191.53,0.82046,0.56825,1.02261,0.91663,0.83932,0.91959,0.6894,0.95586,0.57703,1.1333,0.0048916,0.0048916,0.0048916
131,1199.41,0.7921,0.55032,1.02393,0.90025,0.85632,0.92295,0.66988,0.98606,0.59339,1.14346,0.004852,0.004852,0.004852
132,1207.71,0.81073,0.57159,1.0237,0.86296,0.87787,0.91325,0.6669,1.00143,0.59689,1.16188,0.0048124,0.0048124,0.0048124
133,1216.29,0.8229,0.56747,1.0257,0.87587,0.88079,0.91227,0.66057,0.98763,0.59238,1.14803,0.0047728,0.0047728,0.0047728
134,1224.71,0.81866,0.57584,1.02657,0.89951,0.87241,0.90706,0.67721,0.96256,0.59388,1.13907,0.0047332,0.0047332,0.0047332
135,1233.03,0.80955,0.56841,1.01884,0.86089,0.89991,0.91474,0.66522,1.01583,0.60033,1.18113,0.0046936,0.0046936,0.0046936
136,1241.4,0.79795,0.55177,1.01302,0.89454,0.90309,0.92735,0.67343,0.98872,0.57635,1.13822,0.004654,0.004654,0.004654
137,1249.77,0.80804,0.55732,1.02088,0.86216,0.90532,0.9133,0.67639,0.97327,0.56539,1.1393,0.0046144,0.0046144,0.0046144
138,1258.12,0.81321,0.55684,1.01583,0.88261,0.89131,0.91465,0.68233,0.97068,0.57864,1.13909,0.0045748,0.0045748,0.0045748
139,1266.5,0.81044,0.56092,1.02334,0.88188,0.87806,0.90578,0.67834,0.9877,0.5832,1.14414,0.0045352,0.0045352,0.0045352
140,1274.9,0.80868,0.56636,1.01651,0.87257,0.88757,0.90434,0.67446,0.96524,0.5895,1.13859,0.0044956,0.0044956,0.0044956
141,1283.2,0.80668,0.55918,1.01206,0.9027,0.87062,0.90948,0.68942,0.96295,0.57502,1.13805,0.004456,0.004456,0.004456
142,1291.07,0.79611,0.5477,1.0083,0.8842,0.87932,0.90793,0.68159,0.98957,0.57555,1.14471,0.0044164,0.0044164,0.0044164
143,1299.49,0.7794,0.54659,1.00439,0.90988,0.86267,0.91627,0.67344,0.98608,0.57388,1.15813,0.0043768,0.0043768,0.0043768
144,1307.98,0.79608,0.55981,1.01688,0.86088,0.89019,0.90773,0.67118,0.97529,0.5755,1.13086,0.0043372,0.0043372,0.0043372
145,1316.47,0.79098,0.54059,1.00804,0.90082,0.87018,0.90727,0.66928,0.98244,0.5711,1.14028,0.0042976,0.0042976,0.0042976
146,1324.93,0.80063,0.55713,1.01354,0.90284,0.85925,0.90463,0.67881,0.96763,0.56049,1.13053,0.004258,0.004258,0.004258
147,1333.4,0.80267,0.55777,1.01533,0.88868,0.86327,0.90495,0.68453,0.96765,0.54857,1.12699,0.0042184,0.0042184,0.0042184
148,1341.81,0.77894,0.54904,1.01133,0.89038,0.85374,0.90636,0.68637,0.96455,0.57822,1.13152,0.0041788,0.0041788,0.0041788
149,1350.3,0.77332,0.52793,0.99933,0.90908,0.87432,0.92707,0.68897,0.95406,0.55919,1.12046,0.0041392,0.0041392,0.0041392
150,1358.75,0.79261,0.54477,1.01179,0.89405,0.86543,0.92403,0.68502,0.96088,0.58617,1.1298,0.0040996,0.0040996,0.0040996
151,1367.18,0.79476,0.56161,1.0174,0.91138,0.85829,0.90731,0.6915,0.95896,0.55984,1.12557,0.00406,0.00406,0.00406
152,1375.58,0.79423,0.54701,1.01191,0.91087,0.85884,0.91404,0.68378,0.97331,0.55135,1.12486,0.0040204,0.0040204,0.0040204
153,1384.23,0.77818,0.53503,1.00565,0.87435,0.89286,0.9135,0.68051,0.98958,0.57255,1.14956,0.0039808,0.0039808,0.0039808
154,1392.85,0.77782,0.53638,1.00915,0.86426,0.8952,0.91057,0.68121,0.98478,0.57648,1.14849,0.0039412,0.0039412,0.0039412
155,1400.82,0.76509,0.52824,0.99101,0.87882,0.88362,0.91019,0.68962,0.94324,0.54608,1.11586,0.0039016,0.0039016,0.0039016
156,1408.72,0.76446,0.52556,0.99163,0.88387,0.87791,0.91593,0.70153,0.94938,0.54755,1.10959,0.003862,0.003862,0.003862
157,1417.61,0.76542,0.52777,0.99511,0.86651,0.88183,0.91742,0.69858,0.9415,0.54117,1.10887,0.0038224,0.0038224,0.0038224
158,1428.43,0.75,0.52264,0.99476,0.90252,0.88198,0.92786,0.68832,0.94675,0.57282,1.11708,0.0037828,0.0037828,0.0037828
159,1437.35,0.75855,0.52287,0.99099,0.87799,0.89665,0.92711,0.68836,0.94186,0.55611,1.11948,0.0037432,0.0037432,0.0037432
160,1446.4,0.76563,0.52643,1.00267,0.89993,0.88896,0.9272,0.68917,0.94414,0.55101,1.11427,0.0037036,0.0037036,0.0037036
161,1455.45,0.75147,0.5196,0.99367,0.88789,0.90143,0.92924,0.69832,0.9599,0.56135,1.12053,0.003664,0.003664,0.003664
162,1464.52,0.74959,0.52524,1.00188,0.92997,0.86827,0.9281,0.70021,0.94881,0.55122,1.12306,0.0036244,0.0036244,0.0036244
163,1473.44,0.77144,0.52224,0.99751,0.91653,0.85876,0.91248,0.68178,0.95916,0.5439,1.13267,0.0035848,0.0035848,0.0035848
164,1482.31,0.73647,0.50619,0.98522,0.92541,0.85066,0.9205,0.67346,0.96254,0.55692,1.14071,0.0035452,0.0035452,0.0035452
165,1490.9,0.76412,0.52076,0.99466,0.92413,0.8421,0.92443,0.68636,0.94607,0.53649,1.12601,0.0035056,0.0035056,0.0035056
166,1499.38,0.75817,0.52558,1.00384,0.85221,0.90453,0.92366,0.69553,0.96047,0.52543,1.13772,0.003466,0.003466,0.003466
167,1507.86,0.73845,0.50935,0.99003,0.87499,0.90216,0.91768,0.69484,0.94113,0.53868,1.12307,0.0034264,0.0034264,0.0034264
168,1517.49,0.7487,0.5173,0.99116,0.89281,0.88881,0.92241,0.69498,0.92225,0.53562,1.10824,0.0033868,0.0033868,0.0033868
169,1526.07,0.73533,0.50227,0.98246,0.85274,0.89111,0.91835,0.69018,0.93557,0.53525,1.1148,0.0033472,0.0033472,0.0033472
170,1534.51,0.74598,0.50897,0.99187,0.91893,0.85362,0.91287,0.69809,0.92302,0.52216,1.10345,0.0033076,0.0033076,0.0033076
171,1542.99,0.72991,0.4968,0.97297,0.89864,0.85905,0.91072,0.69685,0.92843,0.53317,1.11056,0.003268,0.003268,0.003268
172,1551.42,0.7311,0.50491,0.98093,0.91465,0.86697,0.92136,0.70134,0.93329,0.54001,1.11908,0.0032284,0.0032284,0.0032284
173,1559.99,0.7381,0.50511,0.9838,0.92824,0.85738,0.91565,0.69054,0.93179,0.54034,1.11215,0.0031888,0.0031888,0.0031888
174,1568.68,0.73513,0.51631,0.98536,0.93562,0.87231,0.92115,0.69452,0.92893,0.53698,1.10718,0.0031492,0.0031492,0.0031492
175,1577.44,0.73634,0.50346,0.98194,0.8924,0.89584,0.91504,0.69061,0.94299,0.54691,1.11799,0.0031096,0.0031096,0.0031096
176,1586.01,0.73224,0.50574,0.98599,0.92838,0.88927,0.92133,0.69477,0.938,0.52504,1.10614,0.00307,0.00307,0.00307
177,1594.54,0.72419,0.49408,0.9651,0.89763,0.89179,0.92317,0.69464,0.9528,0.53875,1.12219,0.0030304,0.0030304,0.0030304
178,1603.07,0.73343,0.49997,0.98219,0.88717,0.89146,0.92107,0.6924,0.95152,0.5395,1.12134,0.0029908,0.0029908,0.0029908
179,1611.53,0.72776,0.50773,0.97987,0.86101,0.91042,0.91685,0.68773,0.94883,0.54931,1.11846,0.0029512,0.0029512,0.0029512
180,1620.26,0.71516,0.49581,0.97238,0.86792,0.88806,0.91739,0.69447,0.93575,0.53305,1.11736,0.0029116,0.0029116,0.0029116
181,1629,0.7357,0.50099,0.97668,0.87602,0.89078,0.91703,0.7081,0.91879,0.51881,1.10277,0.002872,0.002872,0.002872
182,1637.78,0.69494,0.48785,0.97579,0.88757,0.90234,0.92971,0.69934,0.93307,0.51442,1.10457,0.0028324,0.0028324,0.0028324
183,1646.27,0.72302,0.49213,0.976,0.89279,0.89278,0.92975,0.70647,0.91785,0.50102,1.10398,0.0027928,0.0027928,0.0027928
184,1654.74,0.71743,0.49957,0.97865,0.89834,0.89506,0.9124,0.69258,0.93186,0.51952,1.11377,0.0027532,0.0027532,0.0027532
185,1663.3,0.70638,0.48753,0.96818,0.88067,0.89828,0.92422,0.69181,0.93791,0.52364,1.11826,0.0027136,0.0027136,0.0027136
186,1671.62,0.71317,0.49686,0.97095,0.89133,0.88399,0.92521,0.70863,0.93719,0.53129,1.12394,0.002674,0.002674,0.002674
187,1679.61,0.71303,0.4895,0.96445,0.87635,0.89839,0.91741,0.70905,0.9382,0.51709,1.12126,0.0026344,0.0026344,0.0026344
188,1687.7,0.71147,0.48627,0.97386,0.89476,0.88977,0.91883,0.70968,0.92136,0.52951,1.11605,0.0025948,0.0025948,0.0025948
189,1695.79,0.7134,0.48996,0.9822,0.92785,0.86872,0.93254,0.71585,0.93403,0.52651,1.12167,0.0025552,0.0025552,0.0025552
190,1703.79,0.68189,0.47937,0.96144,0.89396,0.88593,0.91865,0.7072,0.96442,0.5448,1.13875,0.0025156,0.0025156,0.0025156
191,1711.57,0.70993,0.48821,0.97386,0.91003,0.87297,0.91933,0.71201,0.9191,0.51772,1.10556,0.002476,0.002476,0.002476
192,1719.36,0.70048,0.48085,0.96183,0.92456,0.88416,0.92808,0.70609,0.91876,0.51849,1.11167,0.0024364,0.0024364,0.0024364
193,1727.77,0.70028,0.47365,0.95613,0.91871,0.89014,0.9279,0.71841,0.91339,0.51398,1.10616,0.0023968,0.0023968,0.0023968
194,1736.26,0.71385,0.49407,0.97618,0.91057,0.89999,0.92925,0.71168,0.92209,0.51701,1.10099,0.0023572,0.0023572,0.0023572
195,1744.55,0.69665,0.47602,0.95933,0.92117,0.87143,0.92502,0.71225,0.92054,0.51939,1.10366,0.0023176,0.0023176,0.0023176
196,1752.9,0.69955,0.48591,0.97667,0.945,0.87489,0.93357,0.71565,0.90616,0.50628,1.0945,0.002278,0.002278,0.002278
197,1761.19,0.67585,0.46928,0.96329,0.94672,0.88674,0.93572,0.71338,0.91017,0.49716,1.09434,0.0022384,0.0022384,0.0022384
198,1769.6,0.67187,0.45836,0.95314,0.923,0.90743,0.9317,0.71494,0.90557,0.49308,1.09268,0.0021988,0.0021988,0.0021988
199,1777.95,0.69702,0.46912,0.96563,0.92657,0.90662,0.92943,0.71672,0.89731,0.5051,1.09331,0.0021592,0.0021592,0.0021592
200,1786.2,0.68221,0.46789,0.95842,0.91461,0.88515,0.92724,0.71232,0.90331,0.50677,1.10508,0.0021196,0.0021196,0.0021196
201,1794.49,0.70391,0.47549,0.96847,0.91724,0.89694,0.92267,0.71333,0.9103,0.50069,1.10249,0.00208,0.00208,0.00208
202,1802.89,0.70465,0.47274,0.9628,0.93681,0.8803,0.92634,0.71542,0.90904,0.49681,1.10258,0.0020404,0.0020404,0.0020404
203,1811.28,0.68199,0.47065,0.9562,0.93754,0.87698,0.92531,0.71914,0.9004,0.48765,1.0953,0.0020008,0.0020008,0.0020008
204,1819.97,0.67114,0.46136,0.95421,0.93082,0.88338,0.92437,0.72002,0.91828,0.49863,1.0958,0.0019612,0.0019612,0.0019612
205,1828.54,0.67902,0.45328,0.95034,0.93624,0.8753,0.92302,0.72091,0.91846,0.51112,1.09639,0.0019216,0.0019216,0.0019216
206,1837.14,0.67395,0.45797,0.94855,0.92467,0.88625,0.92994,0.72691,0.91326,0.49569,1.09505,0.001882,0.001882,0.001882
207,1845.84,0.66871,0.4608,0.95503,0.94477,0.88707,0.9273,0.7243,0.92088,0.50096,1.10847,0.0018424,0.0018424,0.0018424
208,1854.36,0.66295,0.45932,0.94501,0.92877,0.88396,0.92804,0.7274,0.9217,0.50181,1.11982,0.0018028,0.0018028,0.0018028
209,1862.44,0.66707,0.4633,0.95369,0.91063,0.87765,0.92514,0.71467,0.91944,0.50573,1.11333,0.0017632,0.0017632,0.0017632
210,1870.3,0.66827,0.45941,0.9547,0.90981,0.89053,0.92733,0.71669,0.92447,0.50964,1.11338,0.0017236,0.0017236,0.0017236
211,1878.17,0.65946,0.46407,0.9598,0.91711,0.88905,0.92865,0.72003,0.92157,0.50682,1.11638,0.001684,0.001684,0.001684
212,1886.03,0.66789,0.45853,0.94505,0.92877,0.87028,0.92842,0.71912,0.9189,0.50358,1.11825,0.0016444,0.0016444,0.0016444
213,1893.94,0.67224,0.46116,0.95229,0.9132,0.87585,0.92623,0.72142,0.91279,0.49949,1.09958,0.0016048,0.0016048,0.0016048
214,1901.76,0.65593,0.45431,0.94887,0.94556,0.87178,0.93051,0.72016,0.90226,0.5032,1.08688,0.0015652,0.0015652,0.0015652
215,1909.61,0.67918,0.45975,0.94617,0.95654,0.88651,0.9368,0.71951,0.89956,0.51076,1.08534,0.0015256,0.0015256,0.0015256
216,1917.8,0.67921,0.46959,0.95818,0.94231,0.89282,0.94083,0.72026,0.89948,0.5039,1.08381,0.001486,0.001486,0.001486
217,1925.77,0.65646,0.46251,0.95395,0.94951,0.87412,0.93248,0.72198,0.9009,0.5005,1.08834,0.0014464,0.0014464,0.0014464
218,1933.65,0.67435,0.46202,0.95311,0.88687,0.90543,0.92829,0.72412,0.89569,0.49297,1.08217,0.0014068,0.0014068,0.0014068
219,1944.12,0.65532,0.45016,0.94154,0.93896,0.87208,0.93218,0.71854,0.90108,0.49791,1.08576,0.0013672,0.0013672,0.0013672
220,1951.98,0.6455,0.4499,0.94928,0.92566,0.88411,0.92972,0.7205,0.90217,0.49523,1.08964,0.0013276,0.0013276,0.0013276
221,1959.9,0.64419,0.44118,0.93802,0.94448,0.89031,0.93288,0.73204,0.90456,0.49612,1.09843,0.001288,0.001288,0.001288
222,1968.02,0.66194,0.45574,0.94526,0.93939,0.89152,0.9341,0.73163,0.90375,0.48766,1.09876,0.0012484,0.0012484,0.0012484
223,1976.14,0.64034,0.44028,0.94173,0.91638,0.90487,0.9291,0.72313,0.90289,0.47878,1.10074,0.0012088,0.0012088,0.0012088
224,1984.14,0.6458,0.44705,0.94474,0.917,0.91361,0.93345,0.7229,0.91022,0.48724,1.10464,0.0011692,0.0011692,0.0011692
225,1992.07,0.64085,0.4428,0.94022,0.91392,0.89859,0.93268,0.72501,0.91872,0.50142,1.10421,0.0011296,0.0011296,0.0011296
226,1999.96,0.63742,0.43134,0.934,0.91212,0.89274,0.93572,0.72781,0.9229,0.49637,1.10143,0.00109,0.00109,0.00109
227,2007.8,0.64204,0.43944,0.94303,0.91138,0.90453,0.94387,0.72733,0.9057,0.49039,1.0884,0.0010504,0.0010504,0.0010504
228,2015.65,0.64456,0.44537,0.9382,0.929,0.89248,0.94095,0.72649,0.89903,0.49719,1.09209,0.0010108,0.0010108,0.0010108
229,2023.61,0.64889,0.441,0.93852,0.90331,0.90842,0.93154,0.72857,0.89351,0.48972,1.09316,0.0009712,0.0009712,0.0009712
230,2031.44,0.64824,0.44038,0.93864,0.94403,0.90721,0.94157,0.72642,0.89405,0.49099,1.0966,0.0009316,0.0009316,0.0009316
231,2039.4,0.64106,0.44396,0.94433,0.94597,0.89793,0.93264,0.73047,0.89638,0.48935,1.10114,0.000892,0.000892,0.000892
232,2047.78,0.63184,0.44272,0.94103,0.93317,0.87946,0.93262,0.72962,0.90067,0.4877,1.10066,0.0008524,0.0008524,0.0008524
233,2055.65,0.63801,0.43435,0.94263,0.93215,0.88577,0.9319,0.72791,0.89975,0.48715,1.09967,0.0008128,0.0008128,0.0008128
234,2063.57,0.64385,0.438,0.93924,0.92833,0.89881,0.93389,0.73288,0.89029,0.47262,1.09193,0.0007732,0.0007732,0.0007732
235,2071.53,0.63605,0.4312,0.9346,0.92768,0.90258,0.92915,0.73386,0.9008,0.47588,1.09996,0.0007336,0.0007336,0.0007336
236,2079.54,0.63004,0.44206,0.94232,0.92431,0.90927,0.93181,0.73482,0.89498,0.47254,1.09779,0.000694,0.000694,0.000694
237,2087.55,0.62912,0.43973,0.93734,0.92431,0.90964,0.93257,0.73179,0.90154,0.47299,1.09917,0.0006544,0.0006544,0.0006544
238,2095.5,0.60999,0.41982,0.92622,0.91316,0.90882,0.92757,0.72855,0.90819,0.476,1.10669,0.0006148,0.0006148,0.0006148
239,2103.42,0.62774,0.42463,0.92708,0.94246,0.89887,0.9434,0.73193,0.90256,0.47771,1.10276,0.0005752,0.0005752,0.0005752
240,2111.3,0.63286,0.43132,0.93491,0.94536,0.9081,0.94324,0.73533,0.89587,0.47411,1.09618,0.0005356,0.0005356,0.0005356
241,2180.26,0.5808,0.39006,0.90658,0.94266,0.90373,0.93841,0.72631,0.90755,0.47885,1.10577,0.000496,0.000496,0.000496
242,2188.71,0.57237,0.37985,0.89941,0.93671,0.90152,0.93525,0.72314,0.91135,0.4826,1.11202,0.0004564,0.0004564,0.0004564
243,2197.05,0.57109,0.38082,0.9072,0.93364,0.90029,0.93483,0.72378,0.90471,0.48768,1.10678,0.0004168,0.0004168,0.0004168
244,2205.63,0.55708,0.37881,0.89765,0.9185,0.91215,0.93739,0.72572,0.8996,0.49218,1.10348,0.0003772,0.0003772,0.0003772
245,2213.84,0.55581,0.36792,0.89641,0.92041,0.91767,0.9381,0.72684,0.89904,0.49103,1.09944,0.0003376,0.0003376,0.0003376
246,2221.88,0.54158,0.35809,0.88804,0.92745,0.91429,0.93639,0.73035,0.90129,0.48741,1.10168,0.000298,0.000298,0.000298
247,2229.9,0.54856,0.36523,0.90043,0.92338,0.90891,0.93665,0.73017,0.90225,0.48574,1.10075,0.0002584,0.0002584,0.0002584
248,2238.13,0.53795,0.35846,0.887,0.92898,0.89962,0.93816,0.72862,0.89753,0.48191,1.09877,0.0002188,0.0002188,0.0002188
249,2246.01,0.54057,0.35875,0.89815,0.93188,0.90185,0.93841,0.7271,0.89491,0.48094,1.10049,0.0001792,0.0001792,0.0001792
250,2253.98,0.54775,0.36718,0.88625,0.93063,0.9101,0.94005,0.72687,0.89397,0.4812,1.10021,0.0001396,0.0001396,0.0001396
